BRR,64z
MUL,161z
BRR,65z
BRR,66z
MUL,131z
LTC,387z
LTR,746z
LTR,741z
MUL,162z
LTR,742z
BRR,67z
BRR,68z
MUL,163z
MUL,164z
MKM,317z
MUL,165z
MUL,143z
MUL,138z
BRR,69z
LTC,388z
BRR,70z
LTC,389z
MUL,166z
BRR,71z
LTC,390z
BRR,72z
MUL,150z
LTC,391z
LTC,392z
BRR,73z
BRR,74z
BRR,75z
LTC,379z
LTR,731z
MUL,132z
BRR,76z
LTC,393z
MUL,167z
BRR,77z
MUL,133z
MOM,338
BRR,78z
MUL,139z
LTC,380z
MUL,168z
MUL,169z
MUL,170z
BRR,79z
MUL,156z
LTR,732z
LTC,394z
SLD,717
BRR,80z
LTR,747z
BRR,81z
MUL,157z
MUL,171z
MUL,172z
BRR,82z
LTR,737z
LTC,395z
LTC,396z
MUL,144z
BRR,83z
BRR,84z
MUL,173z
MUL,140z
BRR,85z
PIP,1061
BRR,86z
BRR,87z
MUL,174z
MUL,141z
MOM,339
BRR,88z
MUL,175z
MUL,176z
MUL,177z
LTC,397z
BRR,89z
MUL,134z
MUL,178z
BRR,90z
LTC,398z
MUL,179z
MUL,135z
LTR,739z
MUL,180z
BRR,91z
BRR,92z
SLD,715
MUL,181z
MUL,182z
BRR,93z
SLD,714
BRR,94z
BRR,95z
LTC,399z
BRR,96z
BRR,97z
LTR,750z
LTC,400z
BRR,98z
BRR,99z
MUL,183z
LTC,401z
MUL,184z
BRR,100z
LTR,749z
BRR,101z
BRR,102z
BRR,103z
LTC,402z
BRR,104z
BRR,105z
BRR,106z
BRR,107z
BRR,108z
BRR,109z
LTR,740z
MUL,185z
MUL,186z
MUL,151z
BRR,110z
LTC,403z
MUL,158z
MUL,187z
LTC,382z
MUL,188z
BRR,111z
LTR,743z
LTR,744z
BRR,112z
BRR,113z
MUL,145z
BRR,114z
BRR,115z
LTR,735z
LTC,383z
MUL,189z
MOM,340
MUL,146z
LTC,404z
SLD,716
BRR,116z
MUL,147z
LTC,408z
BRR,117z
LTR,738z
BRR,118z
MUL,152z
MUL,136z
BRR,119z
LTR,733z
BRR,120z
BRR,121z
LTC,384z
LTC,385z
BRR,122z
SLD,713
MUL,190z
MUL,142z
MUL,191z
MUL,137z
WHO,559z
WHO,562z
WHO,556z
WHO,552z
WHO,555z
LTC,378z
WHO,560z
LTR,0
LTC,381z
WHO,553z
WHO,558z
WHO,557z
WHO,561z
WHO,554z
WHO,564z
WHO,563z
LTR,734z
LTC,386z
LTR,745z
MUL,148z
MUL,192z
BRR,124z
MOM,341
MUL,153z
LTC,405z
MUL,154z
SLD,VS
MOM,342
MUL,159z
LTC,406z
BRR,125z
LTR,736z
BRR,126z
MUL,149z
MUL,193z
LTC,407z
MUL,160z
MUL,194z
MUL,155z
MUL,195z
